order_id,customer_id,product_id,unit_price,production_cost,quantity,order_date
ORD00001,CUST0015,shinchan,45,19.84,2,2026-07-27
ORD00002,CUST0014,mrbean,35,14.54,1,2026-07-27
ORD00003,CUST0005,doraemon,39,17.59,1,2026-07-27
ORD00004,CUST0010,dragonballz,55,23.99,3,2026-07-27
ORD00005,CUST0006,pokemon,49,22.43,1,2026-07-27
ORD00006,CUST0016,pokemon,49,21.95,1,2026-07-27
ORD00007,CUST0001,mrbean,35,14.36,1,2026-07-27
ORD00008,CUST0007,doraemon,39,17.27,1,2026-07-27
ORD00009,CUST0013,doraemon,39,16.23,1,2026-07-27
ORD00010,CUST0017,pokemon,49,22.14,2,2026-07-27
ORD00011,CUST0011,pokemon,49,21.1,4,2026-07-27
ORD00012,CUST0002,pokemon,49,21.16,1,2026-07-27
ORD00013,CUST0012,shinchan,45,20.1,3,2026-07-27
ORD00014,CUST0003,doraemon,39,17.98,1,2026-07-27
ORD00015,CUST0004,pokemon,49,21.25,2,2026-07-27
ORD00016,CUST0008,mrbean,35,14.69,4,2026-07-27
ORD00017,CUST0009,dragonballz,55,25.79,3,2026-07-27
ORD00018,CUST0009,pokemon,49,23.61,4,2026-07-28
ORD00019,CUST0007,dragonballz,55,25.63,1,2026-07-28
ORD00020,CUST0006,shinchan,45,20.03,1,2026-07-28
ORD00021,CUST0006,dragonballz,55,26.92,2,2026-07-28
ORD00022,CUST0020,pokemon,49,21.03,1,2026-07-28
ORD00023,CUST0025,shinchan,45,21.23,1,2026-07-28
ORD00024,CUST0019,shinchan,45,19.75,3,2026-07-28
ORD00025,CUST0018,doraemon,39,16.47,1,2026-07-28
ORD00026,CUST0008,dragonballz,55,24.13,2,2026-07-28
ORD00027,CUST0021,pokemon,49,21.78,1,2026-07-28
ORD00028,CUST0012,pokemon,49,23.23,2,2026-07-28
ORD00029,CUST0012,dragonballz,55,24.34,1,2026-07-28
ORD00030,CUST0012,pokemon,49,22.56,1,2026-07-28
ORD00031,CUST0022,dragonballz,55,25.83,2,2026-07-28
ORD00032,CUST0024,dragonballz,55,24.96,3,2026-07-28
ORD00033,CUST0003,pokemon,49,22.47,2,2026-07-28
ORD00034,CUST0023,mrbean,35,14.37,2,2026-07-28
ORD00035,CUST0027,pokemon,49,21.07,2,2026-07-29
ORD00036,CUST0029,pokemon,49,21.49,2,2026-07-29
ORD00037,CUST0025,dragonballz,55,25.96,4,2026-07-29
ORD00038,CUST0004,shinchan,45,20.11,1,2026-07-29
ORD00039,CUST0009,shinchan,45,19.82,4,2026-07-29
ORD00040,CUST0017,pokemon,49,22.57,2,2026-07-29
ORD00041,CUST0001,shinchan,45,20.18,4,2026-07-29
ORD00042,CUST0033,dragonballz,55,24.72,3,2026-07-29
ORD00043,CUST0031,mrbean,35,15.8,2,2026-07-29
ORD00044,CUST0021,doraemon,39,17.69,2,2026-07-29
ORD00045,CUST0026,doraemon,39,16.69,3,2026-07-29
ORD00046,CUST0017,doraemon,39,17.42,1,2026-07-29
ORD00047,CUST0034,pokemon,49,22.4,1,2026-07-29
ORD00048,CUST0028,shinchan,45,21.28,2,2026-07-29
ORD00049,CUST0024,pokemon,49,22.99,2,2026-07-29
ORD00050,CUST0024,pokemon,49,21.72,1,2026-07-29
ORD00051,CUST0030,pokemon,49,23.7,1,2026-07-29
ORD00052,CUST0032,shinchan,45,19.31,1,2026-07-29
ORD00053,CUST0006,shinchan,45,20.09,2,2026-07-29
ORD00054,CUST0015,mrbean,35,15.73,3,2026-07-29
ORD00055,CUST0040,dragonballz,55,24.24,1,2026-07-30
ORD00056,CUST0035,dragonballz,55,25.34,3,2026-07-30
ORD00057,CUST0039,pokemon,49,21.01,2,2026-07-30
ORD00058,CUST0037,shinchan,45,20.74,1,2026-07-30
ORD00059,CUST0041,pokemon,49,23.09,3,2026-07-30
ORD00060,CUST0027,pokemon,49,22.54,1,2026-07-30
ORD00061,CUST0023,shinchan,45,21.28,3,2026-07-30
ORD00062,CUST0042,dragonballz,55,24.77,1,2026-07-30
ORD00063,CUST0031,pokemon,49,22.89,1,2026-07-30
ORD00064,CUST0028,dragonballz,55,25.68,3,2026-07-30
ORD00065,CUST0007,doraemon,39,17.43,2,2026-07-30
ORD00066,CUST0004,mrbean,35,15.14,3,2026-07-30
ORD00067,CUST0030,mrbean,35,15.89,2,2026-07-30
ORD00068,CUST0028,pokemon,49,23.6,1,2026-07-30
ORD00069,CUST0027,pokemon,49,22.26,2,2026-07-30
ORD00070,CUST0013,pokemon,49,22.8,1,2026-07-30
ORD00071,CUST0007,pokemon,49,21.07,2,2026-07-30
ORD00072,CUST0036,dragonballz,55,26.03,2,2026-07-30
ORD00073,CUST0038,pokemon,49,22.75,2,2026-07-30
ORD00074,CUST0040,shinchan,45,21.58,1,2026-07-31
ORD00075,CUST0039,doraemon,39,17.97,1,2026-07-31
ORD00076,CUST0038,pokemon,49,21.71,1,2026-07-31
ORD00077,CUST0003,doraemon,39,17.0,2,2026-07-31
ORD00078,CUST0026,doraemon,39,17.63,4,2026-07-31
ORD00079,CUST0037,dragonballz,55,23.82,2,2026-07-31
ORD00080,CUST0046,mrbean,35,15.15,2,2026-07-31
ORD00081,CUST0043,dragonballz,55,24.3,1,2026-07-31
ORD00082,CUST0044,dragonballz,55,24.13,1,2026-07-31
ORD00083,CUST0048,dragonballz,55,23.94,2,2026-07-31
ORD00084,CUST0006,pokemon,49,23.1,1,2026-07-31
ORD00085,CUST0047,pokemon,49,21.27,1,2026-07-31
ORD00086,CUST0038,mrbean,35,14.73,3,2026-07-31
ORD00087,CUST0027,shinchan,45,20.02,1,2026-07-31
ORD00088,CUST0045,dragonballz,55,26.58,1,2026-07-31
ORD00089,CUST0016,shinchan,45,19.21,3,2026-07-31
ORD00090,CUST0037,pokemon,49,22.18,1,2026-07-31
ORD00091,CUST0050,pokemon,49,22.47,4,2026-07-31
ORD00092,CUST0034,pokemon,49,23.43,1,2026-07-31
ORD00093,CUST0049,mrbean,35,15.85,2,2026-07-31
ORD00094,CUST0051,pokemon,49,23.37,4,2026-07-31
ORD00095,CUST0008,mrbean,35,14.79,1,2026-07-31
ORD00096,CUST0061,doraemon,39,17.07,3,2026-08-01
ORD00097,CUST0009,dragonballz,55,24.92,1,2026-08-01
ORD00098,CUST0050,mrbean,35,15.97,1,2026-08-01
ORD00099,CUST0060,pokemon,49,23.64,1,2026-08-01
ORD00100,CUST0028,mrbean,35,14.54,1,2026-08-01
ORD00101,CUST0024,shinchan,45,19.46,2,2026-08-01
ORD00102,CUST0014,dragonballz,55,24.5,1,2026-08-01
ORD00103,CUST0058,pokemon,49,21.57,3,2026-08-01
ORD00104,CUST0053,pokemon,49,22.29,2,2026-08-01
ORD00105,CUST0054,dragonballz,55,25.66,1,2026-08-01
ORD00106,CUST0016,shinchan,45,19.68,1,2026-08-01
ORD00107,CUST0055,dragonballz,55,23.76,1,2026-08-01
ORD00108,CUST0063,dragonballz,55,25.11,1,2026-08-01
ORD00109,CUST0003,dragonballz,55,24.95,1,2026-08-01
ORD00110,CUST0036,pokemon,49,22.52,1,2026-08-01
ORD00111,CUST0043,shinchan,45,21.48,3,2026-08-01
ORD00112,CUST0062,mrbean,35,15.6,4,2026-08-01
ORD00113,CUST0003,mrbean,35,15.26,1,2026-08-01
ORD00114,CUST0052,doraemon,39,17.51,4,2026-08-01
ORD00115,CUST0007,dragonballz,55,25.95,2,2026-08-01
ORD00116,CUST0023,mrbean,35,14.36,1,2026-08-01
ORD00117,CUST0057,dragonballz,55,26.67,2,2026-08-01
ORD00118,CUST0059,mrbean,35,15.77,1,2026-08-01
ORD00119,CUST0056,mrbean,35,15.96,2,2026-08-01
ORD00120,CUST0044,pokemon,49,23.18,2,2026-08-01
ORD00121,CUST0051,doraemon,39,17.02,2,2026-08-01
ORD00122,CUST0010,pokemon,49,22.04,2,2026-08-01
ORD00123,CUST0023,doraemon,39,16.38,3,2026-08-01
ORD00124,CUST0020,doraemon,39,17.55,1,2026-08-01
ORD00125,CUST0033,shinchan,45,19.16,1,2026-08-02
ORD00126,CUST0058,shinchan,45,19.18,1,2026-08-02
ORD00127,CUST0051,mrbean,35,14.66,3,2026-08-02
ORD00128,CUST0072,pokemon,49,21.36,1,2026-08-02
ORD00129,CUST0068,pokemon,49,21.87,4,2026-08-02
ORD00130,CUST0069,shinchan,45,19.14,1,2026-08-02
ORD00131,CUST0014,pokemon,49,20.9,3,2026-08-02
ORD00132,CUST0019,doraemon,39,16.48,3,2026-08-02
ORD00133,CUST0065,mrbean,35,14.45,4,2026-08-02
ORD00134,CUST0051,shinchan,45,19.95,4,2026-08-02
ORD00135,CUST0062,dragonballz,55,23.83,2,2026-08-02
ORD00136,CUST0067,mrbean,35,15.95,2,2026-08-02
ORD00137,CUST0031,dragonballz,55,25.75,2,2026-08-02
ORD00138,CUST0064,dragonballz,55,24.23,2,2026-08-02
ORD00139,CUST0033,doraemon,39,16.71,1,2026-08-02
ORD00140,CUST0070,pokemon,49,21.89,2,2026-08-02
ORD00141,CUST0048,mrbean,35,14.96,2,2026-08-02
ORD00142,CUST0073,shinchan,45,19.32,1,2026-08-02
ORD00143,CUST0071,pokemon,49,23.33,1,2026-08-02
ORD00144,CUST0066,pokemon,49,23.74,1,2026-08-02
ORD00145,CUST0044,shinchan,45,20.21,1,2026-08-02
ORD00146,CUST0011,pokemon,49,22.28,2,2026-08-02
ORD00147,CUST0043,mrbean,35,14.42,1,2026-08-02
ORD00148,CUST0006,doraemon,39,16.38,2,2026-08-02
ORD00149,CUST0054,pokemon,49,21.88,1,2026-08-03
ORD00150,CUST0077,dragonballz,55,24.61,1,2026-08-03
ORD00151,CUST0050,pokemon,49,23.27,1,2026-08-03
ORD00152,CUST0062,doraemon,39,16.51,1,2026-08-03
ORD00153,CUST0003,dragonballz,55,23.83,1,2026-08-03
ORD00154,CUST0078,dragonballz,55,26.84,1,2026-08-03
ORD00155,CUST0075,dragonballz,55,25.47,2,2026-08-03
ORD00156,CUST0001,mrbean,35,14.54,1,2026-08-03
ORD00157,CUST0076,dragonballz,55,25.52,1,2026-08-03
ORD00158,CUST0049,pokemon,49,20.98,4,2026-08-03
ORD00159,CUST0079,pokemon,49,22.41,1,2026-08-03
ORD00160,CUST0046,pokemon,49,23.7,3,2026-08-03
ORD00161,CUST0074,shinchan,45,21.24,1,2026-08-03
ORD00162,CUST0050,doraemon,39,17.69,1,2026-08-03
ORD00163,CUST0080,dragonballz,55,24.6,2,2026-08-03
ORD00164,CUST0054,pokemon,49,21.95,1,2026-08-03
ORD00165,CUST0069,shinchan,45,19.43,4,2026-08-03
ORD00166,CUST0039,mrbean,35,15.76,3,2026-08-03
ORD00167,CUST0081,pokemon,49,22.42,1,2026-08-03
ORD00168,CUST0070,shinchan,45,21.03,4,2026-08-03
ORD00169,CUST0085,dragonballz,55,24.82,1,2026-08-04
ORD00170,CUST0039,dragonballz,55,24.47,2,2026-08-04
ORD00171,CUST0086,dragonballz,55,26.39,2,2026-08-04
ORD00172,CUST0076,doraemon,39,18.33,2,2026-08-04
ORD00173,CUST0014,dragonballz,55,26.52,1,2026-08-04
ORD00174,CUST0084,dragonballz,55,26.37,2,2026-08-04
ORD00175,CUST0081,shinchan,45,21.13,1,2026-08-04
ORD00176,CUST0010,mrbean,35,15.69,1,2026-08-04
ORD00177,CUST0026,dragonballz,55,24.49,3,2026-08-04
ORD00178,CUST0082,pokemon,49,22.38,3,2026-08-04
ORD00179,CUST0032,pokemon,49,21.92,2,2026-08-04
ORD00180,CUST0083,shinchan,45,19.08,1,2026-08-04
ORD00181,CUST0077,pokemon,49,20.98,3,2026-08-04
ORD00182,CUST0083,mrbean,35,14.79,1,2026-08-05
ORD00183,CUST0087,pokemon,49,21.64,1,2026-08-05
ORD00184,CUST0011,doraemon,39,17.68,4,2026-08-05
ORD00185,CUST0077,shinchan,45,21.49,3,2026-08-05
ORD00186,CUST0044,pokemon,49,22.18,1,2026-08-05
ORD00187,CUST0100,doraemon,39,18.22,2,2026-08-05
ORD00188,CUST0089,doraemon,39,18.33,4,2026-08-05
ORD00189,CUST0072,pokemon,49,23.63,3,2026-08-05
ORD00190,CUST0088,pokemon,49,21.94,1,2026-08-05
ORD00191,CUST0072,shinchan,45,19.57,2,2026-08-05
ORD00192,CUST0099,mrbean,35,14.69,1,2026-08-05
ORD00193,CUST0031,dragonballz,55,24.39,4,2026-08-05
ORD00194,CUST0053,pokemon,49,21.48,1,2026-08-05
ORD00195,CUST0038,shinchan,45,20.62,1,2026-08-05
ORD00196,CUST0091,shinchan,45,21.34,2,2026-08-05
ORD00197,CUST0034,mrbean,35,15.89,1,2026-08-05
ORD00198,CUST0032,dragonballz,55,25.31,1,2026-08-05
ORD00199,CUST0031,shinchan,45,20.7,1,2026-08-05
ORD00200,CUST0092,shinchan,45,21.08,1,2026-08-05
ORD00201,CUST0036,dragonballz,55,24.03,1,2026-08-05
ORD00202,CUST0052,mrbean,35,15.54,2,2026-08-05
ORD00203,CUST0097,pokemon,49,23.5,1,2026-08-05
ORD00204,CUST0093,pokemon,49,23.14,2,2026-08-05
ORD00205,CUST0090,pokemon,49,23.05,1,2026-08-05
ORD00206,CUST0094,mrbean,35,15.18,2,2026-08-05
ORD00207,CUST0063,pokemon,49,21.41,1,2026-08-05
ORD00208,CUST0096,doraemon,39,17.89,3,2026-08-05
ORD00209,CUST0095,pokemon,49,21.85,1,2026-08-05
ORD00210,CUST0101,pokemon,49,23.19,3,2026-08-05
ORD00211,CUST0003,shinchan,45,21.53,3,2026-08-05
ORD00212,CUST0098,pokemon,49,22.03,1,2026-08-05
ORD00213,CUST0002,pokemon,49,22.05,1,2026-08-05
ORD00214,CUST0063,pokemon,49,23.61,1,2026-08-05
ORD00215,CUST0067,pokemon,49,22.97,3,2026-08-05
ORD00216,CUST0058,shinchan,45,19.44,3,2026-08-05
ORD00217,CUST0012,dragonballz,55,24.16,1,2026-08-05
ORD00218,CUST0061,doraemon,39,16.48,1,2026-08-05
ORD00219,CUST0025,doraemon,39,18.15,1,2026-08-05
ORD00220,CUST0029,shinchan,45,21.1,1,2026-08-05
ORD00221,CUST0036,shinchan,45,19.38,3,2026-08-05
ORD00222,CUST0023,shinchan,45,21.15,3,2026-08-06
ORD00223,CUST0035,pokemon,49,23.7,2,2026-08-06
ORD00224,CUST0113,dragonballz,55,25.89,1,2026-08-06
ORD00225,CUST0003,mrbean,35,14.93,1,2026-08-06
ORD00226,CUST0074,dragonballz,55,25.53,2,2026-08-06
ORD00227,CUST0057,pokemon,49,21.27,1,2026-08-06
ORD00228,CUST0084,shinchan,45,19.04,2,2026-08-06
ORD00229,CUST0109,pokemon,49,23.68,4,2026-08-06
ORD00230,CUST0097,dragonballz,55,25.86,2,2026-08-06
ORD00231,CUST0102,pokemon,49,22.41,3,2026-08-06
ORD00232,CUST0110,shinchan,45,21.43,2,2026-08-06
ORD00233,CUST0108,shinchan,45,20.13,1,2026-08-06
ORD00234,CUST0087,dragonballz,55,26.58,4,2026-08-06
ORD00235,CUST0075,pokemon,49,23.26,2,2026-08-06
ORD00236,CUST0106,doraemon,39,16.62,4,2026-08-06
ORD00237,CUST0061,shinchan,45,19.65,3,2026-08-06
ORD00238,CUST0104,dragonballz,55,24.7,1,2026-08-06
ORD00239,CUST0074,dragonballz,55,24.53,1,2026-08-06
ORD00240,CUST0103,dragonballz,55,25.66,2,2026-08-06
ORD00241,CUST0098,dragonballz,55,24.59,1,2026-08-06
ORD00242,CUST0114,doraemon,39,17.08,2,2026-08-06
ORD00243,CUST0111,dragonballz,55,24.18,2,2026-08-06
ORD00244,CUST0076,pokemon,49,23.5,2,2026-08-06
ORD00245,CUST0056,doraemon,39,16.93,2,2026-08-06
ORD00246,CUST0087,shinchan,45,20.19,2,2026-08-06
ORD00247,CUST0036,doraemon,39,17.44,1,2026-08-06
ORD00248,CUST0063,mrbean,35,16.01,2,2026-08-06
ORD00249,CUST0105,pokemon,49,22.1,3,2026-08-06
ORD00250,CUST0006,pokemon,49,23.52,2,2026-08-06
ORD00251,CUST0082,mrbean,35,15.23,3,2026-08-06
ORD00252,CUST0112,doraemon,39,17.33,2,2026-08-06
ORD00253,CUST0067,dragonballz,55,25.45,4,2026-08-06
ORD00254,CUST0098,shinchan,45,19.05,1,2026-08-06
ORD00255,CUST0024,shinchan,45,20.14,2,2026-08-06
ORD00256,CUST0107,dragonballz,55,24.35,3,2026-08-06
ORD00257,CUST0117,dragonballz,55,23.76,2,2026-08-07
ORD00258,CUST0084,doraemon,39,17.92,1,2026-08-07
ORD00259,CUST0118,shinchan,45,19.45,3,2026-08-07
ORD00260,CUST0053,doraemon,39,17.2,2,2026-08-07
ORD00261,CUST0115,dragonballz,55,26.11,1,2026-08-07
ORD00262,CUST0119,dragonballz,55,25.56,1,2026-08-07
ORD00263,CUST0093,doraemon,39,16.87,1,2026-08-07
ORD00264,CUST0059,shinchan,45,20.35,2,2026-08-07
ORD00265,CUST0010,dragonballz,55,25.56,1,2026-08-07
ORD00266,CUST0121,pokemon,49,23.14,3,2026-08-07
ORD00267,CUST0101,shinchan,45,19.28,1,2026-08-07
ORD00268,CUST0020,dragonballz,55,25.57,1,2026-08-07
ORD00269,CUST0120,doraemon,39,16.7,1,2026-08-07
ORD00270,CUST0116,pokemon,49,21.69,1,2026-08-07
ORD00271,CUST0061,dragonballz,55,26.26,3,2026-08-07
ORD00272,CUST0112,mrbean,35,15.24,1,2026-08-07
ORD00273,CUST0019,doraemon,39,17.39,1,2026-08-07
ORD00274,CUST0002,shinchan,45,20.98,2,2026-08-07
ORD00275,CUST0130,pokemon,49,23.51,1,2026-08-08
ORD00276,CUST0014,mrbean,35,15.11,1,2026-08-08
ORD00277,CUST0127,pokemon,49,22.65,2,2026-08-08
ORD00278,CUST0090,dragonballz,55,25.39,2,2026-08-08
ORD00279,CUST0074,dragonballz,55,25.41,3,2026-08-08
ORD00280,CUST0125,pokemon,49,22.88,3,2026-08-08
ORD00281,CUST0031,shinchan,45,20.18,3,2026-08-08
ORD00282,CUST0036,mrbean,35,15.29,1,2026-08-08
ORD00283,CUST0003,pokemon,49,22.27,4,2026-08-08
ORD00284,CUST0124,pokemon,49,23.59,4,2026-08-08
ORD00285,CUST0062,dragonballz,55,26.02,2,2026-08-08
ORD00286,CUST0046,dragonballz,55,26.6,4,2026-08-08
ORD00287,CUST0050,dragonballz,55,26.81,1,2026-08-08
ORD00288,CUST0126,dragonballz,55,24.59,1,2026-08-08
ORD00289,CUST0085,shinchan,45,20.45,2,2026-08-08
ORD00290,CUST0128,mrbean,35,16.09,2,2026-08-08
ORD00291,CUST0051,shinchan,45,21.18,3,2026-08-08
ORD00292,CUST0110,dragonballz,55,24.2,1,2026-08-08
ORD00293,CUST0129,pokemon,49,21.25,1,2026-08-08
ORD00294,CUST0131,dragonballz,55,25.19,2,2026-08-08
ORD00295,CUST0049,dragonballz,55,23.99,1,2026-08-08
ORD00296,CUST0038,pokemon,49,21.59,3,2026-08-08
ORD00297,CUST0123,dragonballz,55,23.99,1,2026-08-08
ORD00298,CUST0107,doraemon,39,17.63,1,2026-08-08
ORD00299,CUST0038,dragonballz,55,26.3,1,2026-08-08
ORD00300,CUST0074,shinchan,45,21.33,1,2026-08-08
ORD00301,CUST0122,dragonballz,55,24.25,1,2026-08-08
ORD00302,CUST0040,pokemon,49,22.95,3,2026-08-09
ORD00303,CUST0061,pokemon,49,22.79,1,2026-08-09
ORD00304,CUST0137,dragonballz,55,24.21,1,2026-08-09
ORD00305,CUST0136,pokemon,49,23.42,3,2026-08-09
ORD00306,CUST0114,pokemon,49,23.67,3,2026-08-09
ORD00307,CUST0134,pokemon,49,21.53,1,2026-08-09
ORD00308,CUST0009,pokemon,49,23.62,1,2026-08-09
ORD00309,CUST0095,mrbean,35,15.03,1,2026-08-09
ORD00310,CUST0132,pokemon,49,22.29,3,2026-08-09
ORD00311,CUST0135,pokemon,49,23.73,1,2026-08-09
ORD00312,CUST0107,pokemon,49,23.28,1,2026-08-09
ORD00313,CUST0072,mrbean,35,14.56,2,2026-08-09
ORD00314,CUST0139,mrbean,35,15.09,2,2026-08-09
ORD00315,CUST0105,mrbean,35,15.26,2,2026-08-09
ORD00316,CUST0114,pokemon,49,21.87,2,2026-08-09
ORD00317,CUST0138,dragonballz,55,24.39,1,2026-08-09
ORD00318,CUST0108,dragonballz,55,24.79,3,2026-08-09
ORD00319,CUST0126,shinchan,45,20.88,2,2026-08-09
ORD00320,CUST0133,dragonballz,55,23.81,1,2026-08-09
ORD00321,CUST0026,doraemon,39,17.37,1,2026-08-09
ORD00322,CUST0056,mrbean,35,15.11,2,2026-08-09
ORD00323,CUST0026,dragonballz,55,23.81,1,2026-08-09
ORD00324,CUST0093,pokemon,49,21.85,2,2026-08-09
ORD00325,CUST0117,doraemon,39,17.53,1,2026-08-10
ORD00326,CUST0144,dragonballz,55,25.41,1,2026-08-10
ORD00327,CUST0141,dragonballz,55,23.96,1,2026-08-10
ORD00328,CUST0026,pokemon,49,23.72,2,2026-08-10
ORD00329,CUST0142,dragonballz,55,26.31,2,2026-08-10
ORD00330,CUST0140,shinchan,45,21.53,2,2026-08-10
ORD00331,CUST0130,doraemon,39,16.38,1,2026-08-10
ORD00332,CUST0076,doraemon,39,16.74,2,2026-08-10
ORD00333,CUST0111,mrbean,35,14.33,3,2026-08-10
ORD00334,CUST0030,mrbean,35,15.77,4,2026-08-10
ORD00335,CUST0084,shinchan,45,19.7,1,2026-08-10
ORD00336,CUST0056,shinchan,45,19.34,1,2026-08-10
ORD00337,CUST0143,shinchan,45,20.1,1,2026-08-10
ORD00338,CUST0136,pokemon,49,23.51,3,2026-08-10
ORD00339,CUST0098,doraemon,39,17.96,3,2026-08-10
ORD00340,CUST0069,doraemon,39,16.72,2,2026-08-11
ORD00341,CUST0148,pokemon,49,21.33,1,2026-08-11
ORD00342,CUST0007,doraemon,39,18.18,4,2026-08-11
ORD00343,CUST0149,shinchan,45,20.48,3,2026-08-11
ORD00344,CUST0090,pokemon,49,22.9,3,2026-08-11
ORD00345,CUST0070,pokemon,49,21.16,1,2026-08-11
ORD00346,CUST0144,doraemon,39,16.28,1,2026-08-11
ORD00347,CUST0080,shinchan,45,20.79,1,2026-08-11
ORD00348,CUST0146,pokemon,49,22.12,2,2026-08-11
ORD00349,CUST0143,doraemon,39,16.31,1,2026-08-11
ORD00350,CUST0047,mrbean,35,16.08,2,2026-08-11
ORD00351,CUST0008,shinchan,45,20.65,1,2026-08-11
ORD00352,CUST0087,pokemon,49,23.19,4,2026-08-11
ORD00353,CUST0147,pokemon,49,21.14,1,2026-08-11
ORD00354,CUST0145,dragonballz,55,26.53,3,2026-08-11
ORD00355,CUST0045,dragonballz,55,23.97,1,2026-08-12
ORD00356,CUST0098,shinchan,45,21.24,2,2026-08-12
ORD00357,CUST0034,doraemon,39,17.15,1,2026-08-12
ORD00358,CUST0112,doraemon,39,16.9,1,2026-08-12
ORD00359,CUST0153,pokemon,49,22.48,2,2026-08-12
ORD00360,CUST0005,pokemon,49,23.55,2,2026-08-12
ORD00361,CUST0102,dragonballz,55,24.62,1,2026-08-12
ORD00362,CUST0155,mrbean,35,14.5,3,2026-08-12
ORD00363,CUST0150,dragonballz,55,25.46,1,2026-08-12
ORD00364,CUST0019,pokemon,49,21.58,1,2026-08-12
ORD00365,CUST0151,shinchan,45,19.28,3,2026-08-12
ORD00366,CUST0154,shinchan,45,19.42,1,2026-08-12
ORD00367,CUST0111,mrbean,35,14.35,2,2026-08-12
ORD00368,CUST0011,mrbean,35,14.64,3,2026-08-12
ORD00369,CUST0059,doraemon,39,16.84,4,2026-08-12
ORD00370,CUST0129,shinchan,45,19.79,2,2026-08-12
ORD00371,CUST0144,shinchan,45,20.97,3,2026-08-12
ORD00372,CUST0137,shinchan,45,19.75,1,2026-08-12
ORD00373,CUST0152,pokemon,49,22.33,1,2026-08-12
ORD00374,CUST0091,doraemon,39,16.54,1,2026-08-12
ORD00375,CUST0159,mrbean,35,14.93,4,2026-08-13
ORD00376,CUST0095,shinchan,45,19.05,2,2026-08-13
ORD00377,CUST0130,doraemon,39,16.7,4,2026-08-13
ORD00378,CUST0074,doraemon,39,16.18,3,2026-08-13
ORD00379,CUST0160,mrbean,35,15.68,1,2026-08-13
ORD00380,CUST0153,shinchan,45,20.43,1,2026-08-13
ORD00381,CUST0149,doraemon,39,16.57,2,2026-08-13
ORD00382,CUST0161,doraemon,39,17.2,1,2026-08-13
ORD00383,CUST0119,dragonballz,55,26.79,4,2026-08-13
ORD00384,CUST0020,shinchan,45,19.28,1,2026-08-13
ORD00385,CUST0156,pokemon,49,23.24,2,2026-08-13
ORD00386,CUST0158,dragonballz,55,25.15,1,2026-08-13
ORD00387,CUST0116,shinchan,45,20.29,2,2026-08-13
ORD00388,CUST0119,pokemon,49,23.29,2,2026-08-13
ORD00389,CUST0010,pokemon,49,22.02,2,2026-08-13
ORD00390,CUST0015,shinchan,45,20.32,1,2026-08-13
ORD00391,CUST0080,pokemon,49,22.87,2,2026-08-13
ORD00392,CUST0024,dragonballz,55,26.94,4,2026-08-13
ORD00393,CUST0157,dragonballz,55,24.86,1,2026-08-13
ORD00394,CUST0099,mrbean,35,15.87,2,2026-08-13
ORD00395,CUST0058,mrbean,35,15.63,3,2026-08-14
ORD00396,CUST0010,pokemon,49,22.72,1,2026-08-14
ORD00397,CUST0130,dragonballz,55,25.07,3,2026-08-14
ORD00398,CUST0165,dragonballz,55,24.88,1,2026-08-14
ORD00399,CUST0163,mrbean,35,14.36,2,2026-08-14
ORD00400,CUST0139,doraemon,39,16.44,3,2026-08-14
ORD00401,CUST0040,mrbean,35,14.39,2,2026-08-14
ORD00402,CUST0125,doraemon,39,17.79,1,2026-08-14
ORD00403,CUST0162,pokemon,49,21.63,2,2026-08-14
ORD00404,CUST0050,dragonballz,55,24.28,1,2026-08-14
ORD00405,CUST0164,shinchan,45,19.22,1,2026-08-14
ORD00406,CUST0036,dragonballz,55,26.48,2,2026-08-14
ORD00407,CUST0087,shinchan,45,21.26,1,2026-08-14
ORD00408,CUST0020,pokemon,49,22.82,1,2026-08-14
ORD00409,CUST0026,doraemon,39,16.77,2,2026-08-14
ORD00410,CUST0135,dragonballz,55,24.54,1,2026-08-14
ORD00411,CUST0167,dragonballz,55,24.7,3,2026-08-14
ORD00412,CUST0159,dragonballz,55,25.24,4,2026-08-14
ORD00413,CUST0076,doraemon,39,16.5,1,2026-08-14
ORD00414,CUST0166,doraemon,39,17.14,1,2026-08-14
ORD00415,CUST0167,pokemon,49,21.65,1,2026-08-15
ORD00416,CUST0171,doraemon,39,18.28,1,2026-08-15
ORD00417,CUST0026,doraemon,39,18.3,3,2026-08-15
ORD00418,CUST0082,doraemon,39,17.36,1,2026-08-15
ORD00419,CUST0036,dragonballz,55,24.54,2,2026-08-15
ORD00420,CUST0121,pokemon,49,23.66,2,2026-08-15
ORD00421,CUST0038,pokemon,49,21.79,1,2026-08-15
ORD00422,CUST0169,doraemon,39,16.94,2,2026-08-15
ORD00423,CUST0168,pokemon,49,20.9,1,2026-08-15
ORD00424,CUST0010,mrbean,35,14.99,1,2026-08-15
ORD00425,CUST0086,dragonballz,55,25.29,1,2026-08-15
ORD00426,CUST0170,shinchan,45,20.31,2,2026-08-15
ORD00427,CUST0074,dragonballz,55,24.4,2,2026-08-15
ORD00428,CUST0169,dragonballz,55,25.39,2,2026-08-16
ORD00429,CUST0018,dragonballz,55,23.77,2,2026-08-16
ORD00430,CUST0065,pokemon,49,21.66,1,2026-08-16
ORD00431,CUST0062,mrbean,35,14.43,4,2026-08-16
ORD00432,CUST0005,pokemon,49,22.04,1,2026-08-16
ORD00433,CUST0089,dragonballz,55,23.89,3,2026-08-16
ORD00434,CUST0172,doraemon,39,16.2,1,2026-08-16
ORD00435,CUST0174,doraemon,39,16.82,3,2026-08-16
ORD00436,CUST0092,doraemon,39,16.66,1,2026-08-16
ORD00437,CUST0173,shinchan,45,20.52,1,2026-08-16
ORD00438,CUST0175,dragonballz,55,25.47,1,2026-08-17
ORD00439,CUST0176,dragonballz,55,26.19,2,2026-08-17
ORD00440,CUST0032,shinchan,45,20.71,4,2026-08-17
ORD00441,CUST0070,shinchan,45,20.86,3,2026-08-17
ORD00442,CUST0085,mrbean,35,15.96,1,2026-08-17
ORD00443,CUST0168,shinchan,45,20.01,3,2026-08-17
ORD00444,CUST0110,doraemon,39,16.87,3,2026-08-18
ORD00445,CUST0178,mrbean,35,16.17,4,2026-08-18
ORD00446,CUST0090,pokemon,49,21.33,2,2026-08-18
ORD00447,CUST0114,dragonballz,55,26.1,1,2026-08-18
ORD00448,CUST0179,pokemon,49,22.74,3,2026-08-18
ORD00449,CUST0079,doraemon,39,16.25,1,2026-08-18
ORD00450,CUST0115,shinchan,45,21.17,2,2026-08-18
ORD00451,CUST0155,mrbean,35,15.99,4,2026-08-18
ORD00452,CUST0177,doraemon,39,17.54,3,2026-08-18
ORD00453,CUST0043,shinchan,45,20.91,2,2026-08-18
ORD00454,CUST0055,mrbean,35,15.83,4,2026-08-19
ORD00455,CUST0184,shinchan,45,19.36,3,2026-08-19
ORD00456,CUST0048,shinchan,45,20.36,1,2026-08-19
ORD00457,CUST0115,pokemon,49,22.34,1,2026-08-19
ORD00458,CUST0180,dragonballz,55,26.46,1,2026-08-19
ORD00459,CUST0133,shinchan,45,21.09,1,2026-08-19
ORD00460,CUST0157,dragonballz,55,26.44,2,2026-08-19
ORD00461,CUST0064,shinchan,45,20.52,1,2026-08-19
ORD00462,CUST0144,doraemon,39,18.12,4,2026-08-19
ORD00463,CUST0100,mrbean,35,15.58,2,2026-08-19
ORD00464,CUST0068,mrbean,35,15.6,3,2026-08-19
ORD00465,CUST0007,pokemon,49,21.56,4,2026-08-19
ORD00466,CUST0181,shinchan,45,19.08,1,2026-08-19
ORD00467,CUST0031,mrbean,35,14.51,1,2026-08-19
ORD00468,CUST0182,dragonballz,55,24.92,3,2026-08-19
ORD00469,CUST0183,shinchan,45,19.27,1,2026-08-19
ORD00470,CUST0030,dragonballz,55,26.47,1,2026-08-19
ORD00471,CUST0067,dragonballz,55,25.57,1,2026-08-19
ORD00472,CUST0128,pokemon,49,22.7,1,2026-08-19
ORD00473,CUST0188,shinchan,45,20.63,3,2026-08-20
ORD00474,CUST0186,doraemon,39,17.65,2,2026-08-20
ORD00475,CUST0071,shinchan,45,20.27,2,2026-08-20
ORD00476,CUST0133,doraemon,39,16.16,4,2026-08-20
ORD00477,CUST0051,shinchan,45,21.07,3,2026-08-20
ORD00478,CUST0065,mrbean,35,15.71,1,2026-08-20
ORD00479,CUST0021,pokemon,49,22.34,1,2026-08-20
ORD00480,CUST0185,doraemon,39,17.33,2,2026-08-20
ORD00481,CUST0158,pokemon,49,22.79,2,2026-08-20
ORD00482,CUST0161,doraemon,39,16.3,2,2026-08-20
ORD00483,CUST0142,mrbean,35,15.69,3,2026-08-20
ORD00484,CUST0033,dragonballz,55,24.57,1,2026-08-20
ORD00485,CUST0137,doraemon,39,16.31,2,2026-08-20
ORD00486,CUST0078,doraemon,39,16.74,2,2026-08-20
ORD00487,CUST0163,pokemon,49,22.99,1,2026-08-20
ORD00488,CUST0073,pokemon,49,21.49,1,2026-08-20
ORD00489,CUST0187,doraemon,39,17.79,2,2026-08-20
ORD00490,CUST0084,doraemon,39,18.31,2,2026-08-21
ORD00491,CUST0192,dragonballz,55,25.36,2,2026-08-21
ORD00492,CUST0128,doraemon,39,17.0,1,2026-08-21
ORD00493,CUST0191,pokemon,49,22.27,1,2026-08-21
ORD00494,CUST0120,pokemon,49,22.86,1,2026-08-21
ORD00495,CUST0049,doraemon,39,17.85,1,2026-08-21
ORD00496,CUST0041,pokemon,49,22.66,2,2026-08-21
ORD00497,CUST0132,doraemon,39,17.57,1,2026-08-21
ORD00498,CUST0081,doraemon,39,16.32,2,2026-08-21
ORD00499,CUST0148,shinchan,45,19.38,3,2026-08-21
ORD00500,CUST0190,shinchan,45,19.66,2,2026-08-21
ORD00501,CUST0189,pokemon,49,23.03,1,2026-08-21
ORD00502,CUST0185,doraemon,39,16.82,4,2026-08-21
ORD00503,CUST0041,shinchan,45,20.48,1,2026-08-21
ORD00504,CUST0128,pokemon,49,20.94,2,2026-08-21
ORD00505,CUST0197,pokemon,49,21.07,1,2026-08-22
ORD00506,CUST0152,doraemon,39,16.74,1,2026-08-22
ORD00507,CUST0077,pokemon,49,22.82,2,2026-08-22
ORD00508,CUST0101,shinchan,45,20.8,2,2026-08-22
ORD00509,CUST0087,dragonballz,55,25.95,2,2026-08-22
ORD00510,CUST0198,mrbean,35,14.82,2,2026-08-22
ORD00511,CUST0126,shinchan,45,20.34,4,2026-08-22
ORD00512,CUST0156,doraemon,39,17.18,1,2026-08-22
ORD00513,CUST0199,dragonballz,55,25.27,2,2026-08-22
ORD00514,CUST0036,shinchan,45,19.31,2,2026-08-22
ORD00515,CUST0130,mrbean,35,15.99,3,2026-08-22
ORD00516,CUST0082,mrbean,35,14.64,3,2026-08-22
ORD00517,CUST0195,pokemon,49,23.7,2,2026-08-22
ORD00518,CUST0157,dragonballz,55,26.79,1,2026-08-22
ORD00519,CUST0158,doraemon,39,16.19,4,2026-08-22
ORD00520,CUST0194,dragonballz,55,25.24,3,2026-08-22
ORD00521,CUST0200,mrbean,35,15.85,2,2026-08-22
ORD00522,CUST0122,shinchan,45,21.52,2,2026-08-22
ORD00523,CUST0182,shinchan,45,20.17,4,2026-08-22
ORD00524,CUST0137,mrbean,35,14.77,1,2026-08-22
ORD00525,CUST0145,shinchan,45,19.55,2,2026-08-22
ORD00526,CUST0042,dragonballz,55,26.82,1,2026-08-22
ORD00527,CUST0132,doraemon,39,16.62,3,2026-08-22
ORD00528,CUST0196,pokemon,49,22.56,1,2026-08-22
ORD00529,CUST0190,dragonballz,55,24.21,1,2026-08-22
ORD00530,CUST0117,dragonballz,55,25.45,2,2026-08-22
ORD00531,CUST0039,mrbean,35,16.11,1,2026-08-22
ORD00532,CUST0193,dragonballz,55,24.18,1,2026-08-22
ORD00533,CUST0131,shinchan,45,21.13,1,2026-08-22
ORD00534,CUST0084,pokemon,49,22.36,2,2026-08-22
ORD00535,CUST0133,pokemon,49,23.44,1,2026-08-22
ORD00536,CUST0204,doraemon,39,17.7,2,2026-08-23
ORD00537,CUST0167,shinchan,45,19.6,3,2026-08-23
ORD00538,CUST0036,pokemon,49,23.47,2,2026-08-23
ORD00539,CUST0198,pokemon,49,22.29,3,2026-08-23
ORD00540,CUST0026,doraemon,39,16.2,2,2026-08-23
ORD00541,CUST0052,shinchan,45,19.01,2,2026-08-23
ORD00542,CUST0184,pokemon,49,22.31,1,2026-08-23
ORD00543,CUST0205,doraemon,39,17.15,2,2026-08-23
ORD00544,CUST0121,pokemon,49,21.76,2,2026-08-23
ORD00545,CUST0041,shinchan,45,19.37,1,2026-08-23
ORD00546,CUST0175,doraemon,39,16.91,1,2026-08-23
ORD00547,CUST0201,doraemon,39,16.85,1,2026-08-23
ORD00548,CUST0168,dragonballz,55,26.48,2,2026-08-23
ORD00549,CUST0026,dragonballz,55,23.76,1,2026-08-23
ORD00550,CUST0060,doraemon,39,17.81,1,2026-08-23
ORD00551,CUST0206,pokemon,49,23.3,1,2026-08-23
ORD00552,CUST0122,shinchan,45,19.31,2,2026-08-23
ORD00553,CUST0002,pokemon,49,23.55,1,2026-08-23
ORD00554,CUST0014,pokemon,49,22.94,2,2026-08-23
ORD00555,CUST0141,doraemon,39,18.14,1,2026-08-23
ORD00556,CUST0123,mrbean,35,14.82,4,2026-08-23
ORD00557,CUST0203,dragonballz,55,24.96,3,2026-08-23
ORD00558,CUST0202,mrbean,35,15.02,2,2026-08-23
ORD00559,CUST0105,dragonballz,55,27.0,1,2026-08-23
ORD00560,CUST0194,pokemon,49,22.59,4,2026-08-23
ORD00561,CUST0085,doraemon,39,16.95,2,2026-08-23
ORD00562,CUST0106,dragonballz,55,25.14,1,2026-08-23
ORD00563,CUST0021,dragonballz,55,24.64,2,2026-08-24
ORD00564,CUST0181,shinchan,45,19.13,2,2026-08-24
ORD00565,CUST0207,pokemon,49,21.19,2,2026-08-24
ORD00566,CUST0020,dragonballz,55,26.46,2,2026-08-24
ORD00567,CUST0056,doraemon,39,16.78,3,2026-08-24
ORD00568,CUST0136,mrbean,35,16.07,2,2026-08-24
ORD00569,CUST0202,pokemon,49,21.61,1,2026-08-24
ORD00570,CUST0093,pokemon,49,21.66,4,2026-08-24
ORD00571,CUST0175,dragonballz,55,25.41,1,2026-08-24
ORD00572,CUST0115,dragonballz,55,24.37,1,2026-08-24
ORD00573,CUST0196,doraemon,39,16.98,3,2026-08-24
ORD00574,CUST0135,mrbean,35,16.11,4,2026-08-24
ORD00575,CUST0209,shinchan,45,21.3,1,2026-08-24
ORD00576,CUST0194,dragonballz,55,26.39,1,2026-08-24
ORD00577,CUST0153,dragonballz,55,25.8,3,2026-08-24
ORD00578,CUST0064,doraemon,39,18.17,2,2026-08-24
ORD00579,CUST0208,mrbean,35,16.08,2,2026-08-24
ORD00580,CUST0210,shinchan,45,20.43,1,2026-08-24
ORD00581,CUST0033,dragonballz,55,26.09,2,2026-08-25
ORD00582,CUST0211,pokemon,49,21.04,3,2026-08-25
ORD00583,CUST0187,doraemon,39,17.77,3,2026-08-25
ORD00584,CUST0006,dragonballz,55,25.22,1,2026-08-25
ORD00585,CUST0213,pokemon,49,23.05,1,2026-08-25
ORD00586,CUST0001,pokemon,49,22.74,2,2026-08-25
ORD00587,CUST0212,mrbean,35,14.81,1,2026-08-25
ORD00588,CUST0136,mrbean,35,14.35,1,2026-08-25
ORD00589,CUST0077,pokemon,49,23.55,1,2026-08-25
ORD00590,CUST0173,dragonballz,55,24.16,1,2026-08-25
ORD00591,CUST0058,shinchan,45,20.23,1,2026-08-25
ORD00592,CUST0194,dragonballz,55,24.87,2,2026-08-25
ORD00593,CUST0119,doraemon,39,16.81,2,2026-08-25
